

{
    "url": "http://localhost:3000",
    "proxyTargetUrl": "http://localhost:8800/",
    "newuser":"/api/user",  
    "edituser":"/api/user/",
    "deleteuser":"/api/user/",
    "whatsnew":"/api/Whatsnew",
    "getUserType":"/api/user/usertype",
    "imageAdd":"/api/Slider/postslider_data", 
    "getwhatsnew":"/api/Whatsnew",
    "deletewhatsnew":"/api/Whatsnew/", 
     "newfooter":"/api/lowerfooter" ,
     "getfooter":"/api/lowerfooter",
    "getimage":"/api/Slider", 
    "deleteImg" :"/api/Slider/",
    "getApiToken":"/auth/getApiToken",
    "login": "/api/Login",
    "navmenu":"/Api/TopMenu",
    "getmenuname":"/Api/TopMenu",
    "submenunav":"/Api/TopMenu/SubMenu"
}